{
  "state_mean": [
    -0.04617275670170784,
    0.034034404903650284,
    0.7647115588188171,
    2.971421480178833,
    -0.2198116034269333,
    -0.1260652393102646,
    0.02694438025355339,
    -0.0272101741284132
  ],
  "state_mean_shape": [
    8
  ],
  "state_std": [
    0.1049584373831749,
    0.15187117457389832,
    0.3785041272640228,
    0.3451951742172241,
    0.910057544708252,
    0.3253032863140106,
    0.014151589013636112,
    0.014038060791790485
  ],
  "state_std_shape": [
    8
  ],
  "action_mean": [
    0.06667574495077133,
    0.06483978033065796,
    -0.80384361743927,
    -2.970874071121216,
    0.22662578523159027,
    0.11959122866392136,
    -0.036161474883556366
  ],
  "action_mean_shape": [
    7
  ],
  "action_std": [
    0.32812511920928955,
    0.4197826683521271,
    0.6153613924980164,
    0.35168182849884033,
    0.9132273197174072,
    0.3432939946651459,
    0.9993459582328796
  ],
  "action_std_shape": [
    7
  ],
  "first_unnorm_state": [
    -0.2147003412246704,
    -0.0036796650383621454,
    1.1721298694610596,
    3.1406424045562744,
    0.000896522484254092,
    -0.0888531431555748,
    0.03923499956727028,
    -0.039235711097717285
  ],
  "first_unnorm_state_shape": [
    8
  ],
  "first_state": [
    -1.605644941329956,
    -0.24832773208618164,
    1.0763877630233765,
    0.4902166724205017,
    0.24252080917358398,
    0.11439165472984314,
    0.8684360980987549,
    -0.8565770387649536
  ],
  "first_state_shape": [
    8
  ],
  "observation_info": {
    "robot0_joint_pos": {
      "shape": [
        7
      ],
      "values": [
        -0.008313376071518197,
        -0.17754635642042813,
        0.00010267710847327633,
        -2.465848674923492,
        -0.0001967208928759341,
        2.2317339453996126,
        0.7772294963840751
      ]
    },
    "robot0_joint_pos_cos": {
      "shape": [
        7
      ],
      "values": [
        0.9999654440881671,
        0.9842800055622714,
        0.9999999947287057,
        -0.7802418248407609,
        0.9999999806504453,
        -0.6138572937744619,
        0.7128592453192536
      ]
    },
    "robot0_joint_pos_sin": {
      "shape": [
        7
      ],
      "values": [
        -0.008313280312534073,
        -0.17661503517632654,
        0.00010267710829286259,
        -0.6254779730487393,
        -0.00019672089160711353,
        0.7894170145619449,
        0.7013071341166182
      ]
    },
    "robot0_joint_vel": {
      "shape": [
        7
      ],
      "values": [
        0.008478775289035113,
        7.215574505148423e-06,
        -0.008117008012958574,
        -1.7648665065472462e-05,
        -0.0014072407488027136,
        -3.066044973073611e-05,
        7.478663955391949e-05
      ]
    },
    "robot0_eef_pos": {
      "shape": [
        3
      ],
      "values": [
        -0.21470033915004155,
        -0.003679665056834775,
        1.1721299265895921
      ]
    },
    "robot0_eef_quat": {
      "shape": [
        4
      ],
      "values": [
        0.9995999862314866,
        0.0002853441114881172,
        -0.028280074365393246,
        -0.00015329265058617973
      ]
    },
    "robot0_gripper_qpos": {
      "shape": [
        2
      ],
      "values": [
        0.03923499985653753,
        -0.03923571232044023
      ]
    },
    "robot0_gripper_qvel": {
      "shape": [
        2
      ],
      "values": [
        0.0006715126049487437,
        -0.0006704693719210453
      ]
    },
    "agentview_image": {
      "shape": [
        3,
        224,
        224
      ]
    },
    "agentview_depth": {
      "shape": [
        224,
        224
      ]
    },
    "robot0_eye_in_hand_image": {
      "shape": [
        3,
        224,
        224
      ]
    },
    "robot0_eye_in_hand_depth": {
      "shape": [
        224,
        224
      ]
    },
    "akita_black_bowl_1_pos": {
      "shape": [
        3
      ],
      "values": [
        -0.07841992772915296,
        0.010674110362512026,
        0.8984041501881814
      ]
    },
    "akita_black_bowl_1_quat": {
      "shape": [
        4
      ],
      "values": [
        -2.7755353434673974e-05,
        3.335159334700192e-06,
        0.7071067788939557,
        0.7071067829265477
      ]
    },
    "akita_black_bowl_1_to_robot0_eef_pos": {
      "shape": [
        3
      ],
      "values": [
        0.15154647164769916,
        -0.014188908599293122,
        0.2655871249202614
      ]
    },
    "akita_black_bowl_1_to_robot0_eef_quat": {
      "shape": [
        4
      ],
      "values": [
        0.7070258259773254,
        -0.7066214680671692,
        -0.019885297864675522,
        0.02013317123055458
      ]
    },
    "cream_cheese_1_pos": {
      "shape": [
        3
      ],
      "values": [
        -0.04808486956965304,
        0.12749709626510913,
        0.9089069548370612
      ]
    },
    "cream_cheese_1_quat": {
      "shape": [
        4
      ],
      "values": [
        3.868330450095282e-18,
        2.025339093245396e-17,
        1.0,
        1.827275489036581e-33
      ]
    },
    "cream_cheese_1_to_robot0_eef_pos": {
      "shape": [
        3
      ],
      "values": [
        0.18130686027709947,
        -0.1309982222515137,
        0.25341995344841595
      ]
    },
    "cream_cheese_1_to_robot0_eef_quat": {
      "shape": [
        4
      ],
      "values": [
        0.00028534411103464663,
        -0.9996000528335571,
        0.0001532945898361504,
        0.028280073776841164
      ]
    },
    "wine_bottle_1_pos": {
      "shape": [
        3
      ],
      "values": [
        -0.18969588951079133,
        -0.037695849012265574,
        0.8988609548402731
      ]
    },
    "wine_bottle_1_quat": {
      "shape": [
        4
      ],
      "values": [
        -1.245237840492083e-05,
        7.78443748359821e-07,
        0.9999999999221666,
        1.1111742166153777e-08
      ]
    },
    "wine_bottle_1_to_robot0_eef_pos": {
      "shape": [
        3
      ],
      "values": [
        0.040394673552214294,
        0.03411838264573787,
        0.27140827962111136
      ]
    },
    "wine_bottle_1_to_robot0_eef_quat": {
      "shape": [
        4
      ],
      "values": [
        0.0002853752230294049,
        -0.999599814414978,
        0.00015407343744300306,
        0.028292523697018623
      ]
    },
    "plate_1_pos": {
      "shape": [
        3
      ],
      "values": [
        0.035881080940922905,
        -0.025084537868356432,
        0.9024998346661771
      ]
    },
    "plate_1_quat": {
      "shape": [
        4
      ],
      "values": [
        -2.6609958572843957e-05,
        1.2067212446267275e-05,
        0.7071067526472675,
        0.7071068091221641
      ]
    },
    "plate_1_to_robot0_eef_pos": {
      "shape": [
        3
      ],
      "values": [
        0.2654123676038487,
        0.021632627973109032,
        0.25502525533273723
      ]
    },
    "plate_1_to_robot0_eef_quat": {
      "shape": [
        4
      ],
      "values": [
        0.7070260643959045,
        -0.7066214084625244,
        -0.019876563921570778,
        0.020132020115852356
      ]
    },
    "robot0_proprio-state": {
      "shape": [
        39
      ]
    },
    "object-state": {
      "shape": [
        56
      ]
    }
  },