{
  "state_mean": [
    -0.04617275670170784,
    0.034034404903650284,
    0.7647115588188171,
    2.971421480178833,
    -0.2198116034269333,
    -0.1260652393102646,
    0.02694438025355339,
    -0.0272101741284132
  ],
  "state_mean_shape": [
    8
  ],
  "state_std": [
    0.1049584373831749,
    0.15187117457389832,
    0.3785041272640228,
    0.3451951742172241,
    0.910057544708252,
    0.3253032863140106,
    0.014151589013636112,
    0.014038060791790485
  ],
  "state_std_shape": [
    8
  ],
  "action_mean": [
    0.06667574495077133,
    0.06483978033065796,
    -0.80384361743927,
    -2.970874071121216,
    0.22662578523159027,
    0.11959122866392136,
    -0.036161474883556366
  ],
  "action_mean_shape": [
    7
  ],
  "action_std": [
    0.32812511920928955,
    0.4197826683521271,
    0.6153613924980164,
    0.35168182849884033,
    0.9132273197174072,
    0.3432939946651459,
    0.9993459582328796
  ],
  "action_std_shape": [
    7
  ],
  "first_unnorm_state": [
    -0.20097199082374573,
    -0.019157491624355316,
    1.175007700920105,
    3.1406009197235107,
    0.0004474892921280116,
    -0.09042227268218994,
    0.039235685020685196,
    -0.03923501819372177
  ],
  "first_unnorm_state_shape": [
    8
  ],
  "first_state": [
    -1.4748482704162598,
    -0.3502412438392639,
    1.0839909315109253,
    0.49009647965431213,
    0.2420273721218109,
    0.10956807434558868,
    0.8684844970703125,
    -0.8565276861190796
  ],
  "first_state_shape": [
    8
  ],
  "observation_info": {
    "robot0_joint_pos": {
      "shape": [
        7
      ],
      "values": [
        -0.015703900349949833,
        -0.14047592436062947,
        -0.025136457699598814,
        -2.416785019298951,
        -0.006956846039735407,
        2.218809619498203,
        0.7494698268871719
      ]
    },
    "robot0_joint_pos_cos": {
      "shape": [
        7
      ],
      "values": [
        0.9998766962909502,
        0.9901494721035885,
        0.9996840958811282,
        -0.7486269726361258,
        0.999975801244187,
        -0.6036036269483448,
        0.7320501525672742
      ]
    },
    "robot0_joint_pos_sin": {
      "shape": [
        7
      ],
      "values": [
        -0.01570325489492402,
        -0.14001436673779208,
        -0.025133810740343057,
        -0.6629914447726075,
        -0.00695678992397203,
        0.7972845549330574,
        0.6812507424775627
      ]
    },
    "robot0_joint_vel": {
      "shape": [
        7
      ],
      "values": [
        0.009249641336199987,
        -9.587296540334668e-05,
        -0.008487113281549401,
        4.9031587909589215e-05,
        -0.0012104594845327003,
        0.000359467897835024,
        3.37494161891773e-05
      ]
    },
    "robot0_eef_pos": {
      "shape": [
        3
      ],
      "values": [
        -0.20097199632487592,
        -0.019157492248444274,
        1.1750076686171183
      ]
    },
    "robot0_eef_quat": {
      "shape": [
        4
      ],
      "values": [
        0.9995857632677205,
        0.0001424262209687166,
        -0.028779464764169444,
        -0.00015490366916430347
      ]
    },
    "robot0_gripper_qpos": {
      "shape": [
        2
      ],
      "values": [
        0.039235683998177104,
        -0.03923501978079324
      ]
    },
    "robot0_gripper_qvel": {
      "shape": [
        2
      ],
      "values": [
        0.0006708603192190377,
        -0.0006711284069302254
      ]
    },
    "agentview_image": {
      "shape": [
        3,
        224,
        224
      ]
    },
    "agentview_depth": {
      "shape": [
        224,
        224
      ]
    },
    "robot0_eye_in_hand_image": {
      "shape": [
        3,
        224,
        224
      ]
    },
    "robot0_eye_in_hand_depth": {
      "shape": [
        224,
        224
      ]
    },
    "akita_black_bowl_1_pos": {
      "shape": [
        3
      ],
      "values": [
        -0.0901456036428244,
        0.01000110087321825,
        0.8984041501881814
      ]
    },
    "akita_black_bowl_1_quat": {
      "shape": [
        4
      ],
      "values": [
        -2.7755353434674395e-05,
        3.3351593347000443e-06,
        0.7071067788939557,
        0.7071067829265477
      ]
    },
    "akita_black_bowl_1_to_robot0_eef_pos": {
      "shape": [
        3
      ],
      "values": [
        0.12656576127067842,
        -0.029040094902284066,
        0.26977774033877855
      ]
    },
    "akita_black_bowl_1_to_robot0_eef_quat": {
      "shape": [
        4
      ],
      "values": [
        0.7069146633148193,
        -0.7067121267318726,
        -0.020237278193235397,
        0.020487427711486816
      ]
    },
    "cream_cheese_1_pos": {
      "shape": [
        3
      ],
      "values": [
        -0.06571607686323747,
        0.1252517990825116,
        0.9089069548370612
      ]
    },
    "cream_cheese_1_quat": {
      "shape": [
        4
      ],
      "values": [
        -1.5855626306399745e-18,
        2.2751027324735962e-17,
        1.0,
        -1.5753741721384025e-33
      ]
    },
    "cream_cheese_1_to_robot0_eef_pos": {
      "shape": [
        3
      ],
      "values": [
        0.15038437895655513,
        -0.14428738087770882,
        0.25792151411606634
      ]
    },
    "cream_cheese_1_to_robot0_eef_quat": {
      "shape": [
        4
      ],
      "values": [
        0.00014242620090954006,
        -0.9995858669281006,
        0.00015490093210246414,
        0.028779461979866028
      ]
    },
    "wine_bottle_1_pos": {
      "shape": [
        3
      ],
      "values": [
        -0.19109362554157205,
        -0.052371288312143,
        0.8988609548402731
      ]
    },
    "wine_bottle_1_quat": {
      "shape": [
        4
      ],
      "values": [
        -1.245237840492088e-05,
        7.784437483600181e-07,
        0.9999999999221666,
        1.1111742166185162e-08
      ]
    },
    "wine_bottle_1_to_robot0_eef_pos": {
      "shape": [
        3
      ],
      "values": [
        0.02574036584212938,
        0.03330429931828696,
        0.27511094054609175
      ]
    },
    "wine_bottle_1_to_robot0_eef_quat": {
      "shape": [
        4
      ],
      "values": [
        0.00014245786587707698,
        -0.9995852708816528,
        0.00015568567323498428,
        0.02879190817475319
      ]
    },
    "plate_1_pos": {
      "shape": [
        3
      ],
      "values": [
        0.05092243025001407,
        -0.022788568085485513,
        0.9024998346661771
      ]
    },
    "plate_1_quat": {
      "shape": [
        4
      ],
      "values": [
        -2.660995857283212e-05,
        1.2067212446265956e-05,
        0.7071067526472675,
        0.7071068091221641
      ]
    },
    "plate_1_to_robot0_eef_pos": {
      "shape": [
        3
      ],
      "values": [
        0.2671548345117346,
        0.003787176469037746,
        0.2575625389232895
      ]
    },
    "plate_1_to_robot0_eef_quat": {
      "shape": [
        4
      ],
      "values": [
        0.7069149613380432,
        -0.7067124247550964,
        -0.0202285498380661,
        0.02048628404736519
      ]
    },
    "robot0_proprio-state": {
      "shape": [
        39
      ]
    },
    "object-state": {
      "shape": [
        56
      ]
    }
  },