{
  "state_mean": [
    -0.04617275670170784,
    0.034034404903650284,
    0.7647115588188171,
    2.971421480178833,
    -0.2198116034269333,
    -0.1260652393102646,
    0.02694438025355339,
    -0.0272101741284132
  ],
  "state_mean_shape": [
    8
  ],
  "state_std": [
    0.1049584373831749,
    0.15187117457389832,
    0.3785041272640228,
    0.3451951742172241,
    0.910057544708252,
    0.3253032863140106,
    0.014151589013636112,
    0.014038060791790485
  ],
  "state_std_shape": [
    8
  ],
  "action_mean": [
    0.06667574495077133,
    0.06483978033065796,
    -0.80384361743927,
    -2.970874071121216,
    0.22662578523159027,
    0.11959122866392136,
    -0.036161474883556366
  ],
  "action_mean_shape": [
    7
  ],
  "action_std": [
    0.32812511920928955,
    0.4197826683521271,
    0.6153613924980164,
    0.35168182849884033,
    0.9132273197174072,
    0.3432939946651459,
    0.9993459582328796
  ],
  "action_std_shape": [
    7
  ],
  "first_unnorm_state": [
    -0.22558921575546265,
    0.0033221750054508448,
    1.1573315858840942,
    3.140399217605591,
    0.0008184725884348154,
    -0.08758445829153061,
    0.039236124604940414,
    -0.039234597235918045
  ],
  "first_unnorm_state_shape": [
    8
  ],
  "first_state": [
    -1.7093886137008667,
    -0.20222420990467072,
    1.037291169166565,
    0.489512175321579,
    0.2424350380897522,
    0.11829164624214172,
    0.8685156106948853,
    -0.8564976453781128
  ],
  "first_state_shape": [
    8
  ],
  "observation_info": {
    "robot0_joint_pos": {
      "shape": [
        7
      ],
      "values": [
        0.00642065444111373,
        -0.18458308225208198,
        0.001098083673934991,
        -2.5171924365930862,
        0.0008292577710132728,
        2.2768427334058643,
        0.7923094636095298
      ]
    },
    "robot0_joint_pos_cos": {
      "shape": [
        7
      ],
      "values": [
        0.9999793876690857,
        0.9830128557753165,
        0.9999993971061831,
        -0.8113139050159696,
        0.9999996561657943,
        -0.6488304299651899,
        0.7022029050563557
      ]
    },
    "robot0_joint_pos_sin": {
      "shape": [
        7
      ],
      "values": [
        0.006420610326168434,
        -0.18353671398512295,
        0.0010980834532590296,
        -0.5846107658329073,
        0.0008292576759708749,
        0.7609330280328136,
        0.7119768817387364
      ]
    },
    "robot0_joint_vel": {
      "shape": [
        7
      ],
      "values": [
        -0.005020056526777961,
        0.00033642565653881063,
        0.004566484006693636,
        -3.3161579462819826e-05,
        3.713801296130069e-05,
        -0.0013733244063199328,
        -2.2811703638304543e-05
      ]
    },
    "robot0_eef_pos": {
      "shape": [
        3
      ],
      "values": [
        -0.22558920964478388,
        0.003322174947278652,
        1.1573315618711937
      ]
    },
    "robot0_eef_quat": {
      "shape": [
        4
      ],
      "values": [
        0.999611278045951,
        0.00026052561198891544,
        -0.02787875061278268,
        -1.3928912431753274e-05
      ]
    },
    "robot0_gripper_qpos": {
      "shape": [
        2
      ],
      "values": [
        0.039236123301001576,
        -0.03923459571178465
      ]
    },
    "robot0_gripper_qvel": {
      "shape": [
        2
      ],
      "values": [
        0.0006704414301536624,
        -0.0006715340754188003
      ]
    },
    "agentview_image": {
      "shape": [
        3,
        224,
        224
      ]
    },
    "agentview_depth": {
      "shape": [
        224,
        224
      ]
    },
    "robot0_eye_in_hand_image": {
      "shape": [
        3,
        224,
        224
      ]
    },
    "robot0_eye_in_hand_depth": {
      "shape": [
        224,
        224
      ]
    },
    "akita_black_bowl_1_pos": {
      "shape": [
        3
      ],
      "values": [
        -0.0627834832623138,
        0.19873075403846796,
        0.8984041501881814
      ]
    },
    "akita_black_bowl_1_quat": {
      "shape": [
        4
      ],
      "values": [
        -2.7755353434672006e-05,
        3.335159334699157e-06,
        0.7071067788939557,
        0.7071067829265477
      ]
    },
    "akita_black_bowl_1_to_robot0_eef_pos": {
      "shape": [
        3
      ],
      "values": [
        0.17708610031406552,
        -0.19531285303240484,
        0.24945339294419577
      ]
    },
    "akita_black_bowl_1_to_robot0_eef_quat": {
      "shape": [
        4
      ],
      "values": [
        0.7070162892341614,
        -0.706646740436554,
        -0.0197000615298748,
        0.019750846549868584
      ]
    },
    "akita_black_bowl_2_pos": {
      "shape": [
        3
      ],
      "values": [
        -0.17330420797725607,
        0.331460706431376,
        0.8984041501881814
      ]
    },
    "akita_black_bowl_2_quat": {
      "shape": [
        4
      ],
      "values": [
        -2.775535343467356e-05,
        3.3351593346998876e-06,
        0.7071067788939557,
        0.7071067829265477
      ]
    },
    "akita_black_bowl_2_to_robot0_eef_pos": {
      "shape": [
        3
      ],
      "values": [
        0.0668064166995524,
        -0.32810023886166273,
        0.2556151259480448
      ]
    },
    "akita_black_bowl_2_to_robot0_eef_quat": {
      "shape": [
        4
      ],
      "values": [
        0.7070162892341614,
        -0.706646740436554,
        -0.0197000615298748,
        0.019750846549868584
      ]
    },
    "cookies_1_pos": {
      "shape": [
        3
      ],
      "values": [
        0.06437097869820123,
        0.03393049112679577,
        0.9093709548366535
      ]
    },
    "cookies_1_quat": {
      "shape": [
        4
      ],
      "values": [
        3.849825907589374e-17,
        4.0452696693898106e-17,
        0.7071067811865476,
        0.7071067811865475
      ]
    },
    "cookies_1_to_robot0_eef_pos": {
      "shape": [
        3
      ],
      "values": [
        0.3033456773506994,
        -0.030446996801038715,
        0.23141435121365372
      ]
    },
    "cookies_1_to_robot0_eef_quat": {
      "shape": [
        4
      ],
      "values": [
        0.7070161700248718,
        -0.7066475749015808,
        -0.019703403115272522,
        0.01972310058772564
      ]
    },
    "glazed_rim_porcelain_ramekin_1_pos": {
      "shape": [
        3
      ],
      "values": [
        -0.19193035475252535,
        0.2093343238633393,
        0.8993413701297475
      ]
    },
    "glazed_rim_porcelain_ramekin_1_quat": {
      "shape": [
        4
      ],
      "values": [
        -6.687273881836883e-08,
        1.636862916981399e-07,
        0.7071067779660266,
        0.7071067844070472
      ]
    },
    "glazed_rim_porcelain_ramekin_1_to_robot0_eef_pos": {
      "shape": [
        3
      ],
      "values": [
        0.04809329335317414,
        -0.20598363089360835,
        0.2557158761239766
      ]
    },
    "glazed_rim_porcelain_ramekin_1_to_robot0_eef_quat": {
      "shape": [
        4
      ],
      "values": [
        0.7070161700248718,
        -0.7066475749015808,
        -0.01970323920249939,
        0.01972316764295101
      ]
    },
    "plate_1_pos": {
      "shape": [
        3
      ],
      "values": [
        0.04962922790252445,
        0.2106220769355383,
        0.9024998346661771
      ]
    },
    "plate_1_quat": {
      "shape": [
        4
      ],
      "values": [
        -2.66099585728438e-05,
        1.2067212446265012e-05,
        0.7071067526472675,
        0.7071068091221641
      ]
    },
    "plate_1_to_robot0_eef_pos": {
      "shape": [
        3
      ],
      "values": [
        0.2891019723873335,
        -0.20714587926694022,
        0.23909877043193006
      ]
    },
    "plate_1_to_robot0_eef_quat": {
      "shape": [
        4
      ],
      "values": [
        0.7070165276527405,
        -0.7066470980644226,
        -0.019691336899995804,
        0.019749706611037254
      ]
    },